ego_x,ego_y,npc_x,npc_y,ego_lane,ego_offset,npc_lane,npc_offset
"[592624.96031952 592624.79689789 592624.64767456 592624.32198334
 592624.17241669 592623.97242737 592623.78333282 592623.5901413
 592623.43755341 592622.91028595 592622.65127563 592622.44820404
 592622.21427917 592621.73963928 592621.49996948 592621.22351074
 592620.96941376 592620.4826889  592620.18832397 592619.91416931
 592619.6280365  592619.07410431 592618.73545837 592618.4336853
 592618.13010406 592617.55602264 592617.20149231 592616.87841034
 592616.71263123 592615.89886475 592615.5373764  592615.16990662
 592614.79295349 592614.00463104 592613.59198761 592613.17175293
 592612.73983765 592611.96793365 592611.79850769 592610.71551514
 592610.24942017 592609.77724457 592609.30020905 592608.3384552
 592607.79540253 592607.37133026 592606.8793869  592605.85929108
 592605.39464569 592604.85314178 592603.81926727 592603.19583893
 592602.64041901 592602.15312195 592601.03501892 592600.40346527
 592599.84076691 592598.85704041 592598.15627289 592597.52695465
 592596.89971161 592596.41246033 592595.78475189 592594.73239899
 592594.09690094 592593.60071564 592592.9613266  592592.39226532
 592591.32449341 592590.75495911 592590.25643921 592589.0436554
 592588.47111511 592587.89720154 592587.39402771 592586.16795349
 592585.59030151 592585.01577759 592583.80200195 592583.30200195
 592582.72880554 592582.08163452 592581.50421143 592580.41625977
 592579.76074219 592579.24945068 592578.59020996 592577.48667908
 592577.41287231 592576.45120239 592575.33499146 592574.73699951
 592574.1399231  592572.95288086 592572.36190796 592571.69761658
 592571.17950439 592570.1401062 ]","[4134141.67492676 4134141.83639526 4134141.98431396 4134142.30877686
 4134142.45840454 4134142.65917969 4134142.84970093 4134143.04489136
 4134143.19955444 4134143.73690796 4134144.00244141 4134144.21136475
 4134144.45288086 4134144.94543457 4134145.19537354 4134145.48464966
 4134145.75146484 4134146.26489258 4134146.57684326 4134146.86828613
 4134147.17340088 4134147.76663208 4134148.13079834 4134148.45629883
 4134148.78463745 4134149.4078064  4134149.79406738 4134150.14691162
 4134150.32830811 4134151.22128296 4134151.61914062 4134152.02435303
 4134152.44073486 4134153.31332397 4134153.77105713 4134154.23776245
 4134154.71795654 4134155.5770874  4134155.76574707 4134156.9725647
 4134157.49206543 4134158.01824951 4134158.54980469 4134159.62042236
 4134160.22412109 4134160.69512939 4134161.24087524 4134162.37014771
 4134162.88336182 4134163.48046875 4134164.61730957 4134165.3006897
 4134165.90802002 4134166.4397583  4134167.65563965 4134168.34106445
 4134168.95715332 4134170.05987549 4134170.86749268 4134171.60574341
 4134172.34912109 4134172.92907715 4134173.67614746 4134174.92184448
 4134175.66915894 4134176.25100708 4134176.99990845 4134177.66680908
 4134178.92132568 4134179.5925293  4134180.1807251  4134181.61224365
 4134182.28717041 4134182.96276855 4134183.55426025 4134184.99163818
 4134185.66656494 4134186.33624268 4134187.74490356 4134188.32266235
 4134188.9831543  4134189.72644043 4134190.38748169 4134191.62765503
 4134192.37173462 4134192.95046997 4134193.69448853 4134194.93408203
 4134195.01672363 4134196.09033203 4134197.32928467 4134197.98971558
 4134198.64697266 4134199.94711304 4134200.59124756 4134201.31298828
 4134201.87417603 4134202.99468994]","[592617.9309082  592617.65292358 592617.39624023 592617.11061096
 592616.84798431 592616.57579041 592616.30447388 592616.03131866
 592615.70424652 592615.32737732 592614.95594025 592614.59624481
 592614.22192383 592613.85473633 592613.46492004 592613.11058807
 592612.73456573 592612.3703537  592611.96321106 592611.55399323
 592611.11593628 592610.69301605 592610.26064301 592609.82644653
 592609.40573883 592608.96614838 592608.54554749 592608.10169983
 592607.64472961 592607.11271667 592606.61155701 592606.09606171
 592605.5739975  592605.04649353 592604.53076172 592604.01527405
 592603.49476624 592603.20128632 592602.99040222 592602.72327423
 592602.4703598  592602.20845795 592601.94779205 592601.69599152
 592601.42778778 592601.1618042  592600.90039062 592600.64664459
 592600.35350037 592600.00832367 592599.67319489 592599.33370972
 592598.98049927 592598.6403656  592598.30762482 592597.97119141
 592597.6308136  592597.28253174 592596.96533203 592596.61201477
 592596.25288391 592595.91658783 592595.56443787 592595.20578003
 592594.84347534 592594.48549652 592594.14134216 592593.79670715
 592593.45720673 592593.10017395 592592.72962189 592592.38191223
 592592.00660706 592591.63102722 592591.28677368 592590.9287262
 592590.56286621 592590.20129395 592589.86140442 592589.46739197
 592589.11724854 592588.72221375 592588.35874939 592587.98350525
 592587.59640503 592587.2270813  592586.86068726 592586.47573853
 592586.14231873 592585.7691803  592585.37458801 592584.98690796
 592584.59577942 592584.2280426  592583.83047485 592583.46369934
 592583.07055664 592582.66189575]","[4134142.66555786 4134142.91802979 4134143.15115356 4134143.41052246
 4134143.64898682 4134143.8961792  4134144.14257812 4134144.390625
 4134144.71414185 4134145.0892334  4134145.4588623  4134145.81677246
 4134146.18930054 4134146.55477905 4134146.94268799 4134147.2953186
 4134147.66955566 4134148.03198242 4134148.46331787 4134148.89938354
 4134149.36621094 4134149.81689453 4134150.27767944 4134150.74041748
 4134151.18878174 4134151.65719604 4134152.10546875 4134152.57849121
 4134153.08447266 4134153.67468262 4134154.23071289 4134154.80258179
 4134155.38180542 4134155.96704102 4134156.53921509 4134157.11108398
 4134157.68859863 4134158.01416016 4134158.45391846 4134159.01104736
 4134159.53845215 4134160.08468628 4134160.6282959  4134161.15341187
 4134161.71270752 4134162.26742554 4134162.81259155 4134163.34176636
 4134163.77636719 4134164.27792358 4134164.76495361 4134165.25823975
 4134165.77154541 4134166.26580811 4134166.74932861 4134167.2381897
 4134167.73278809 4134168.23892212 4134168.67477417 4134169.15881348
 4134169.6506958  4134170.11132812 4134170.59368896 4134171.08502197
 4134171.58129883 4134172.07159424 4134172.54302979 4134173.01507568
 4134173.46316528 4134173.93243408 4134174.41949463 4134174.87646484
 4134175.36981201 4134175.86346436 4134176.31591797 4134176.78649902
 4134177.2673645  4134177.74264526 4134178.17205811 4134178.66766357
 4134179.10800171 4134179.6048584  4134180.06195068 4134180.53393555
 4134181.02081299 4134181.48529053 4134181.94610596 4134182.43029785
 4134182.82983398 4134183.27661133 4134183.74902344 4134184.2131958
 4134184.68145752 4134185.1217041  4134185.59771729 4134186.0368042
 4134186.50753784 4134186.99676514]",assets/numpy/ego_lane_0.txt,assets/numpy/ego_offset_0.txt,assets/numpy/npc_lane_0.txt,assets/numpy/npc_offset_0.txt
"[592625.67431641 592625.53862    592625.28033447 592625.13503265
 592624.962883   592624.79964447 592624.46711731 592624.27654266
 592624.05610657 592623.95393372 592623.60373688 592623.14884949
 592622.94619751 592622.71321106 592622.44815826 592621.97597504
 592621.73828888 592621.53206635 592621.06441498 592620.82816315
 592620.62612915 592620.39967346 592619.95677185 592619.71252441
 592619.49852753 592619.31137085 592618.88136292 592618.66499329
 592618.4180603  592618.30590057 592617.74620056 592617.48629761
 592617.21769714 592616.91291046 592616.39838409 592616.1207962
 592615.80705261 592615.34693909 592615.01271057 592614.70414734
 592614.37880707 592613.75588226 592613.37338257 592613.07183838
 592612.72224426 592612.00784302 592611.64302063 592611.22638702
 592610.60358429 592610.25403595 592609.84563446 592609.01229095
 592608.59294891 592608.16726685 592607.73699188 592606.92211151
 592606.43114471 592605.98948669 592605.54270935 592604.75153351
 592604.29611969 592603.83460236 592602.96186066 592602.62613678
 592602.29990387 592601.68544769 592601.37699127 592601.06993866
 592600.76383972 592624.17607117 592624.17607117 592624.17607117
 592624.17553711 592624.17263031 592624.16271973 592624.11998749
 592624.08213806 592624.03230286 592623.96813202 592623.80911255
 592623.69387054]","[4134140.9836731  4134141.11682129 4134141.37127686 4134141.5151062
 4134141.68609619 4134141.8487854  4134142.18170166 4134142.3734436
 4134142.59606934 4134142.69952393 4134143.05557251 4134143.52093506
 4134143.72924805 4134143.96972656 4134144.24319458 4134144.72503662
 4134144.96694946 4134145.1776123  4134145.65380859 4134145.89385986
 4134146.09979248 4134146.33013916 4134146.77893066 4134147.02780151
 4134147.24697876 4134147.4397583  4134147.88549805 4134148.11108398
 4134148.36956787 4134148.48724365 4134149.07739258 4134149.35284424
 4134149.63842773 4134149.96343994 4134150.51446533 4134150.81283569
 4134151.15093994 4134151.64831543 4134152.01080322 4134152.34619141
 4134152.70059204 4134153.38119507 4134153.80029297 4134154.13131714
 4134154.51568604 4134155.30303955 4134155.70593262 4134156.16668701
 4134156.85641479 4134157.24395752 4134157.69692993 4134158.62203979
 4134159.08786011 4134159.56085205 4134160.03890991 4134160.94418335
 4134161.48928833 4134161.97930908 4134162.47460938 4134163.35064697
 4134163.85421753 4134164.36392212 4134165.32608032 4134165.70059204
 4134166.11355591 4134166.82714844 4134167.18344116 4134167.54330444
 4134167.90612793 4134142.40252686 4134142.40252686 4134142.40252686
 4134142.40292358 4134142.40579224 4134142.41555786 4134142.45632935
 4134142.49249268 4134142.5401001  4134142.60150146 4134142.75421143
 4134142.86529541]","[592619.10262299 592618.8914032  592618.67242432 592618.4564209
 592618.23152924 592618.02417755 592617.79644775 592617.58178711
 592617.36942291 592617.06388855 592616.72880554 592616.38948822
 592616.04665375 592615.6971283  592615.34785461 592615.0214386
 592614.6787796  592614.34244537 592613.9855957  592613.65432739
 592613.25665283 592612.87970734 592612.4933548  592612.102005
 592611.72356415 592611.33030701 592610.96910095 592610.58167267
 592610.19367981 592609.85921478 592609.47859955 592609.1129303
 592608.7517395  592608.36850739 592608.00434875 592607.64521027
 592607.27272034 592607.05809021 592607.05809021 592606.67957306
 592606.1869812  592605.74598694 592605.26968384 592604.77127075
 592604.31277466 592603.84748077 592603.40048981 592602.92769623
 592602.695755   592602.49157715 592602.23384857 592601.97808838
 592601.71200562 592601.46076965 592601.20909882 592600.9562912
 592600.7080307  592600.45361328 592600.19708252 592599.89792633
 592599.53302002 592599.18338013 592598.83526611 592598.4140625
 592598.08842468 592597.72953796 592597.39486694 592597.04547119
 592596.66542053 592617.59272766 592617.59272766 592617.59275055
 592617.59280396 592617.59282684 592617.5928421  592617.5928421
 592617.5928421  592617.5928421  592617.5928421  592617.5928421
 592617.5928421 ]","[4134142.2315979  4134142.47833252 4134142.73403931 4134142.98635864
 4134143.24899292 4134143.49121094 4134143.75717163 4134144.00790405
 4134144.25592041 4134144.58636475 4134144.94671631 4134145.31158447
 4134145.68026733 4134146.05615234 4134146.43182373 4134146.78283691
 4134147.15136719 4134147.51306152 4134147.89675903 4134148.24005127
 4134148.65133667 4134149.04119873 4134149.4407959  4134149.84552002
 4134150.23693848 4134150.64367676 4134151.01727295 4134151.41799927
 4134151.8192749  4134152.17678833 4134152.58505249 4134152.97735596
 4134153.36480713 4134153.77593994 4134154.16650391 4134154.55178833
 4134154.95135498 4134155.18157959 4134155.18157959 4134155.59854126
 4134156.14117432 4134156.62695312 4134157.15161133 4134157.70062256
 4134158.20568848 4134158.71826172 4134159.21063232 4134159.73141479
 4134159.98693848 4134160.4236145  4134160.97485352 4134161.52194214
 4134162.09100342 4134162.62841797 4134163.16671753 4134163.70742798
 4134164.23840332 4134164.78256226 4134165.33126831 4134165.76403809
 4134166.27658081 4134166.7677002  4134167.25668335 4134167.84835815
 4134168.3057251  4134168.80987549 4134169.27996826 4134169.77072144
 4134170.30456543 4134143.21508789 4134143.21508789 4134143.21502686
 4134143.21484375 4134143.21481323 4134143.21478271 4134143.21478271
 4134143.21478271 4134143.21478271 4134143.21478271 4134143.21478271
 4134143.21478271]",assets/numpy/ego_lane_1.txt,assets/numpy/ego_offset_1.txt,assets/numpy/npc_lane_1.txt,assets/numpy/npc_offset_1.txt
"[592612.35225677 592612.01792908 592611.62627411 592610.86942291
 592610.34938812 592609.87287903 592608.98382568 592608.98382568
 592608.13748169 592607.6204834  592607.15966797 592606.69858551
 592605.83124542 592605.30883026 592604.90109253 592604.60922241
 592603.49465942 592603.01976776 592601.99115753 592601.99115753
 592601.07414246 592600.5186615  592600.0153656  592599.50166321
 592598.97343445 592597.60557556 592597.11989594 592596.56659698
 592596.01274872 592595.45850372 592594.35212708 592593.73057556
 592593.24710083 592592.62480164 592591.58132935 592591.0189209
 592590.52389526 592589.39013672 592588.82167053 592588.25230408
 592587.61065674 592587.11065674 592585.9647522  592585.38970947
 592584.81266785 592584.37867737 592582.99902344 592582.34188843
 592581.82966614 592581.24658203 592580.0894928  592579.51313782
 592578.93667603 592578.28729248 592577.20332336 592577.13117981
 592575.53813171 592575.02833557 592574.3710022  592573.78486633
 592573.19697571 592572.09002686 592571.42268372]","[4134154.82232666 4134155.19256592 4134155.62686157 4134156.46740723
 4134157.04574585 4134157.57617188 4134158.56655884 4134158.56655884
 4134159.50958252 4134160.08566284 4134160.59902954 4134161.11254883
 4134162.07785034 4134162.65866089 4134163.1116333  4134163.43554688
 4134164.67034912 4134165.19525146 4134166.32955933 4134166.32955933
 4134167.33734131 4134167.94610596 4134168.49664307 4134169.05743408
 4134169.63293457 4134171.12139893 4134171.65670776 4134172.27539062
 4134172.90490723 4134173.54412842 4134174.83837891 4134175.5715332
 4134176.14294434 4134176.87884521 4134178.11193848 4134178.77597046
 4134179.3604126  4134180.69949341 4134181.37121582 4134182.04425049
 4134182.80258179 4134183.39309692 4134184.74414062 4134185.42044067
 4134186.09753418 4134186.60583496 4134188.2159729  4134188.97973633
 4134189.5736084  4134190.24801636 4134191.58068848 4134192.24157715
 4134192.90057373 4134193.64035034 4134194.86968994 4134194.95123291
 4134196.74456787 4134197.31536865 4134198.04919434 4134198.70129395
 4134199.35333252 4134200.57546997 4134201.30883789]","[592603.5850296  592603.09707642 592602.61348724 592602.13082886
 592601.66083527 592601.40946198 592601.14604187 592600.89946747
 592600.64576721 592600.39131927 592600.12782288 592599.87782288
 592599.6279068  592599.37210083 592599.11720276 592598.81256104
 592598.48002625 592598.17021942 592597.83612061 592597.51189423
 592597.17712402 592596.83824158 592596.52440643 592596.18252563
 592595.86753082 592595.54043579 592595.16572571 592594.81378937
 592594.43183136 592594.08921814 592593.71405029 592593.35119629
 592592.97602844 592592.61965942 592592.25282288 592591.92329407
 592591.58026123 592591.22241211 592590.85688782 592590.49635315
 592590.14379883 592589.78269958 592589.40382385 592589.04522705
 592588.69711304 592588.3732605  592587.9815979  592587.6217041
 592587.24278259 592586.86576843 592586.50468445 592586.14596558
 592585.76815796 592585.38470459 592585.03694153 592584.68041992
 592584.31155396 592583.9180603  592583.53404236 592583.17370605
 592582.78019714 592582.40609741 592582.02970886]","[4134156.68771362 4134157.22662354 4134157.76071167 4134158.29382324
 4134158.81298828 4134159.30215454 4134159.8649292  4134160.39172363
 4134160.93371582 4134161.4772644  4134162.04022217 4134162.57434082
 4134163.10827637 4134163.65472412 4134164.19934082 4134164.67605591
 4134165.18249512 4134165.65429688 4134166.16311646 4134166.65689087
 4134167.16671753 4134167.68280029 4134168.16073608 4134168.68145752
 4134169.16113281 4134169.59661865 4134170.08789062 4134170.54928589
 4134171.04998779 4134171.49908447 4134171.99093628 4134172.46664429
 4134172.95843506 4134173.42559814 4134173.90649414 4134174.34552002
 4134174.80300903 4134175.28024292 4134175.76763916 4134176.24841309
 4134176.71853638 4134177.20007324 4134177.7053833  4134178.18356323
 4134178.64776611 4134179.0625     4134179.56213379 4134180.02120972
 4134180.50463867 4134180.98553467 4134181.44616699 4134181.90374756
 4134182.38574219 4134182.87490845 4134183.31854248 4134183.7539978
 4134184.20245361 4134184.68096924 4134185.14788818 4134185.58602905
 4134186.06451416 4134186.51934814 4134186.97705078]",assets/numpy/ego_lane_2.txt,assets/numpy/ego_offset_2.txt,assets/numpy/npc_lane_2.txt,assets/numpy/npc_offset_2.txt
"[592622.8194046  592622.57893372 592622.42098236 592622.27243805
 592622.12242126 592621.97068787 592621.65481567 592623.9401474
 592623.90259552 592623.86205292 592623.81024933 592623.74456024
 592623.61222076 592623.52848816 592623.45246124 592623.36856842
 592623.17948151 592623.05487061 592622.91799927 592622.77926636
 592622.49531555 592622.34436035 592622.19147491 592622.03631592
 592621.72032928 592621.55806732 592621.39032745 592621.27998352
 592620.81400299 592620.60549927 592620.36549377 592620.14823151
 592619.71946716 592619.43864441 592619.17813873 592618.74403381
 592618.44152069 592618.17146301 592617.89309692 592617.33987427
 592617.04096985 592616.70288849 592616.0989151  592616.0989151
 592615.48181152 592615.16889954 592614.8925705  592614.10253906
 592613.71061707 592613.35505676 592612.98756409 592612.6059494
 592612.26789856 592611.42868805 592610.61193848 592610.61193848
 592610.24601746 592609.82170868 592609.18099213 592608.31747437
 592607.88768005 592607.4553833  592606.57548523 592606.12594604
 592605.6655426  592605.19480133 592604.31687927 592603.84862518
 592603.38807678 592602.61166382 592602.31293488 592602.00389099
 592601.38741302 592601.0650177  592600.83097076 592600.57756042
 592600.11948395]","[4134143.71405029 4134143.9508667  4134144.1071167  4134144.2545166
 4134144.40386963 4134144.55548096 4134144.87243652 4134142.62786865
 4134142.66384888 4134142.70263672 4134142.75234985 4134142.81524658
 4134142.94241333 4134143.02319336 4134143.09667969 4134143.17788696
 4134143.36160278 4134143.48318481 4134143.61706543 4134143.75323486
 4134144.03314209 4134144.18264771 4134144.33456421 4134144.48916626
 4134144.80551147 4134144.96868896 4134145.13790894 4134145.24951172
 4134145.72286987 4134145.93579102 4134146.1817627  4134146.40527344
 4134146.8482666  4134147.13989258 4134147.41143799 4134147.86590576
 4134148.184021   4134148.46905518 4134148.76391602 4134149.3526001
 4134149.67218018 4134150.034729   4134150.68521118 4134150.68521118
 4134151.35336304 4134151.69348145 4134151.99450684 4134152.85830688
 4134153.28839111 4134153.67944336 4134154.08441162 4134154.50564575
 4134154.87939453 4134155.8092041  4134156.71627808 4134156.71627808
 4134157.12322998 4134157.59545898 4134158.30892944 4134159.2711792
 4134159.75006104 4134160.23184204 4134161.21209717 4134161.71246338
 4134162.22454834 4134162.74761963 4134163.72174072 4134164.2406311
 4134164.75036621 4134165.6083374  4134165.95120239 4134166.3404541
 4134167.0274353  4134167.38745117 4134167.65216064 4134167.93951416
 4134168.4614563 ]","[592616.27437592 592616.27437592 592616.27437592 592616.27437592
 592616.27437592 592616.27437592 592616.27437592 592616.17877197
 592616.06533813 592615.95303345 592615.84031677 592615.72688293
 592615.61140442 592615.50157166 592615.38410187 592615.27246857
 592615.15715027 592614.94509888 592614.68331146 592614.4337616
 592614.1761322  592613.93551636 592613.68237305 592613.42059326
 592613.16933441 592612.91248322 592612.66777802 592612.38406372
 592612.039505   592611.72779083 592611.40187073 592611.06054688
 592610.72851562 592610.40951538 592610.08905792 592609.89601135
 592609.89601135 592609.53102112 592609.10525513 592608.6582489
 592608.22530365 592607.79644012 592607.34983063 592606.92004395
 592606.46801758 592606.03363037 592605.87669373 592605.66568756
 592605.42963409 592605.18058777 592604.92985535 592604.6725769
 592604.42498016 592604.18292236 592603.9303894  592603.68960571
 592603.43920135 592603.13932037 592602.80123138 592602.45641327
 592602.11605835 592601.77771759 592601.43587494 592601.09700775
 592600.74975586 592600.40067291 592600.06471252 592599.74285126
 592599.33877563 592598.96885681 592598.56044006 592598.18815613
 592597.81230927 592597.45985413 592597.09977722 592596.73202515
 592596.34783936]","[4134144.47433472 4134144.47433472 4134144.47433472 4134144.47433472
 4134144.47433472 4134144.47433472 4134144.47433472 4134144.55941772
 4134144.66040039 4134144.76031494 4134144.8605957  4134144.96154785
 4134145.06433105 4134145.16204834 4134145.26660156 4134145.36593628
 4134145.46856689 4134145.67541504 4134145.93148804 4134146.17559814
 4134146.42767334 4134146.6630249  4134146.91061401 4134147.16671753
 4134147.4125061  4134147.66375732 4134147.90310669 4134148.19494629
 4134148.55072021 4134148.87268066 4134149.20922852 4134149.56173706
 4134149.90463257 4134150.23400879 4134150.56497192 4134150.76434326
 4134150.76434326 4134151.15649414 4134151.61401367 4134152.09429932
 4134152.55944824 4134153.02026367 4134153.50018311 4134153.96188354
 4134154.44760132 4134154.91433716 4134155.08300781 4134155.54760742
 4134156.06726074 4134156.61553955 4134157.1675415  4134157.73400879
 4134158.27911377 4134158.81204224 4134159.36804199 4134159.89813232
 4134160.44943237 4134160.89810181 4134161.38778687 4134161.88720703
 4134162.38018799 4134162.87026978 4134163.36538696 4134163.85617065
 4134164.35910034 4134164.86480713 4134165.35137939 4134165.76937866
 4134166.29034424 4134166.76727295 4134167.29382324 4134167.77380371
 4134168.25830078 4134168.71270752 4134169.17694092 4134169.65106201
 4134170.14633179]",assets/numpy/ego_lane_3.txt,assets/numpy/ego_offset_3.txt,assets/numpy/npc_lane_3.txt,assets/numpy/npc_offset_3.txt
"[592614.43626404 592614.09095764 592613.78418732 592613.06922913
 592612.70152283 592612.32389069 592611.93451691 592611.12594604
 592610.71080017 592610.23496246 592610.01844788 592608.96916199
 592608.45892334 592607.99785614 592607.52998352 592606.63310242
 592606.08422089 592605.59339142 592605.09983826 592604.10488892
 592603.33469391 592602.80316162 592602.25992584 592601.70897675
 592601.15858459 592600.05513    592599.50127411 592598.94595337
 592598.3890152  592597.26421356 592597.26421356 592595.84867859
 592595.28447723 592594.7241745  592594.16679382 592593.61037445
 592592.49389648 592591.93217468 592591.36808777 592590.30467224
 592589.80723572 592589.2387085  592588.17308044 592587.53364563
 592586.96466064 592586.39479065 592585.32270813 592584.67703247
 592584.10215759 592583.52746582]","[4134152.50231934 4134152.88049316 4134153.21722412 4134154.00396729
 4134154.409729   4134154.82714844 4134155.25814819 4134156.15509033
 4134156.61645508 4134157.14581299 4134157.38690186 4134158.55584717
 4134159.12454224 4134159.63842773 4134160.15985107 4134161.15887451
 4134161.76968384 4134162.31552124 4134162.8637085  4134163.96679688
 4134164.81854248 4134165.40512085 4134166.00357056 4134166.60931396
 4134167.21325684 4134168.42028809 4134169.02416992 4134169.62835693
 4134170.23287964 4134171.45150757 4134171.45150757 4134173.02502441
 4134173.67330933 4134174.328125   4134174.98687744 4134175.6477356
 4134176.97158813 4134177.63323975 4134178.2946167  4134179.53704834
 4134180.11816406 4134180.78359985 4134182.03527832 4134182.78875732
 4134183.45974731 4134184.13153076 4134185.39178467 4134186.14770508
 4134186.81842041 4134187.48721313]","[592607.11157227 592606.5749054  592606.07087708 592605.53427124
 592605.04328918 592604.51274109 592603.99259949 592603.45638275
 592602.95214844 592602.43883514 592602.13807678 592601.8452301
 592601.55116272 592601.25286102 592600.96090698 592600.66691589
 592600.37049866 592600.07579803 592599.78594971 592599.49638367
 592599.18450928 592598.84568787 592598.50254059 592598.14652252
 592597.81336975 592597.47561646 592597.11631775 592596.78707123
 592596.44280243 592596.09036255 592595.76724243 592595.39904785
 592595.03307343 592594.66513062 592594.30955505 592593.94978333
 592593.57063293 592593.22255707 592592.85565948 592592.49968719
 592592.16361237 592591.80340576 592591.44508362 592591.0901947
 592590.73002625 592590.36924744 592589.99485779 592589.62982178
 592589.26368713 592588.91824341]","[4134153.16409302 4134153.74694824 4134154.29431152 4134154.8770752
 4134155.41021729 4134155.98638916 4134156.55126953 4134157.13354492
 4134157.68118286 4134158.23858643 4134158.73718262 4134159.25756836
 4134159.78015137 4134160.31018066 4134160.82897949 4134161.35144043
 4134161.87817383 4134162.40182495 4134162.91690063 4134163.43145752
 4134163.88473511 4134164.36853027 4134164.85852051 4134165.36688232
 4134165.84259033 4134166.3248291  4134166.83789062 4134167.30801392
 4134167.79959106 4134168.30291748 4134168.73077393 4134169.21524048
 4134169.69674683 4134170.1809082  4134170.64880371 4134171.12219238
 4134171.62109375 4134172.07904053 4134172.56182861 4134173.0302124
 4134173.47338867 4134173.94845581 4134174.42102051 4134174.88909912
 4134175.36413574 4134175.83996582 4134176.33374023 4134176.81515503
 4134177.2980957  4134177.75366211]",assets/numpy/ego_lane_4.txt,assets/numpy/ego_offset_4.txt,assets/numpy/npc_lane_4.txt,assets/numpy/npc_offset_4.txt
"[592625.65828705 592625.4105072  592625.26357269 592625.08621979
 592624.92596436 592624.61439514 592624.41389465 592624.24996948
 592623.91200256 592623.6872406  592623.48377991 592623.27640533
 592622.87427521 592622.6191864  592622.3842392  592621.89244843
 592621.66370392 592621.39808655 592621.29747009 592620.6475296
 592620.31910706 592619.71282196 592619.71282196 592619.14164734
 592618.79618073 592617.93110657 592617.93110657 592617.56047821
 592616.90460205 592616.90460205 592615.84851074 592615.84851074
 592614.69126892 592614.69126892 592613.71570587 592613.71570587
 592613.32691956 592612.48228455 592612.0779953  592610.67545319
 592610.19486237 592609.70957947 592609.22216034 592608.30413818
 592607.75095367 592606.74990082 592606.74990082 592606.43006897
 592605.27254486 592604.85133362 592604.46697235 592603.83306885
 592603.52505493 592603.22145081 592602.92146301 592602.35913086
 592602.02213287]","[4134141.00262451 4134141.2467041  4134141.39208984 4134141.56817627
 4134141.72781372 4134142.03961182 4134142.24121094 4134142.40655518
 4134142.74902344 4134142.97796631 4134143.18579102 4134143.39840698
 4134143.8125     4134144.07635498 4134144.32022095 4134144.83328247
 4134145.07312012 4134145.35235596 4134145.45843506 4134146.14657593
 4134146.49621582 4134147.14489746 4134147.14489746 4134147.75952148
 4134148.1328125  4134149.07208252 4134149.07208252 4134149.47625732
 4134150.19406128 4134150.19406128 4134151.35543823 4134151.35543823
 4134152.63476562 4134152.63476562 4134153.71762085 4134153.71762085
 4134154.15008545 4134155.09075928 4134155.54144287 4134157.10458374
 4134157.63995361 4134158.18017578 4134158.72253418 4134159.74282837
 4134160.35681152 4134161.46569824 4134161.46569824 4134161.81933594
 4134163.12973022 4134163.65625    4134164.13375854 4134164.91055298
 4134165.26013184 4134165.61383057 4134165.97149658 4134166.6555481
 4134167.07199097]","[592617.15389252 592616.8709259  592616.6144104  592616.33950043
 592616.06838989 592615.79701233 592615.52220917 592615.25405884
 592614.94289398 592614.60110474 592614.26939392 592613.92402649
 592613.58309937 592613.25239563 592612.91448975 592612.57180786
 592612.22692871 592612.21646881 592611.85205078 592611.43365479
 592610.98988342 592610.55146027 592610.12628174 592609.69605255
 592609.26104736 592608.82300568 592608.42596436 592608.42596436
 592608.24848938 592608.03829956 592607.83514404 592607.61518097
 592607.4123764  592607.19631958 592606.98564148 592606.77581787
 592606.55863953 592606.35317993 592606.054245   592605.39649963
 592605.06004333 592604.71812439 592604.37185669 592604.0382843
 592603.70680237 592603.36733246 592603.04040527 592602.71289825
 592602.30381775 592601.93632507 592601.56642151 592601.19963074
 592600.84388733 592600.4563446  592600.08760071 592599.73288727
 592599.35886383]","[4134142.96624756 4134143.21582031 4134143.44207764 4134143.68450928
 4134143.92364502 4134144.16296387 4134144.40536499 4134144.6418457
 4134144.95742798 4134145.30639648 4134145.64508057 4134145.9977417
 4134146.3458252  4134146.68347168 4134147.02841187 4134147.3782959
 4134147.73043823 4134147.74111938 4134148.13339233 4134148.58377075
 4134149.06140137 4134149.53335571 4134149.99099731 4134150.45413208
 4134150.92227173 4134151.39385986 4134151.82119751 4134151.82119751
 4134152.2946167  4134152.85528564 4134153.39718628 4134153.98388672
 4134154.52487183 4134155.10119629 4134155.66314697 4134156.22280884
 4134156.80212402 4134157.35015869 4134157.80712891 4134158.78027344
 4134159.27807617 4134159.78393555 4134160.29626465 4134160.78973389
 4134161.2802124  4134161.78244019 4134162.2661438  4134162.69384766
 4134163.22198486 4134163.6965332  4134164.17407227 4134164.64758301
 4134165.10693359 4134165.60723877 4134166.08337402 4134166.5413208
 4134167.02420044]",assets/numpy/ego_lane_5.txt,assets/numpy/ego_offset_5.txt,assets/numpy/npc_lane_5.txt,assets/numpy/npc_offset_5.txt
"[592626.0110321  592625.85578918 592625.72510529 592625.56681061
 592625.23454285 592625.05908203 592624.80690765 592624.48284149
 592624.27294922 592624.05296326 592623.8279953  592623.59918213
 592623.13407135 592622.89246368 592622.64154053 592622.19230652
 592621.9015274  592621.64215851 592621.37966919 592620.87091064
 592620.54594421 592620.24943542 592619.95199585 592619.3925705
 592619.05360413 592618.7833786  592618.46617126 592617.88367462
 592617.53871155 592617.17982483 592616.44548798 592616.0719986
 592615.69095612 592615.29924011 592614.48075867 592614.06053162
 592613.35999298 592612.9144516  592612.05750275 592612.05750275
 592611.11505127 592610.57369232 592610.08843994 592609.60007477
 592609.10852814 592608.120224   592607.61922455 592607.36551666
 592606.12359619 592605.5196228  592604.91949463 592604.45329285
 592603.91927338 592602.84745789 592602.24228668 592601.7014389
 592600.67554474 592600.1940918  592599.64633179 592598.62263489
 592598.07737732 592597.5334549  592596.37679291 592596.37679291
 592595.34989166 592594.79936218 592594.17832184 592593.83279419
 592592.44918823 592591.89523315 592591.34101868 592590.78625488
 592589.74237061 592589.11424255 592588.55384827 592587.99113464
 592586.93179321]","[4134140.66986084 4134140.82312012 4134140.95254517 4134141.10980225
 4134141.44158936 4134141.61764526 4134141.87161255 4134142.19970703
 4134142.41323853 4134142.63787842 4134142.86819458 4134143.10336304
 4134143.58370972 4134143.83444214 4134144.09567261 4134144.56561279
 4134144.87139893 4134145.14501953 4134145.42279053 4134145.96340942
 4134146.31018066 4134146.62762451 4134146.94696045 4134147.55020142
 4134147.91723633 4134148.21054077 4134148.55566406 4134149.19171143
 4134149.56945801 4134149.96331787 4134150.77166748 4134151.18389893
 4134151.60513306 4134152.03863525 4134152.94592285 4134153.41259766
 4134154.1918335  4134154.68814087 4134155.64352417 4134155.64352417
 4134156.69400024 4134157.29718018 4134157.83761597 4134158.38134766
 4134158.92822266 4134160.02624512 4134160.58184814 4134160.86300659
 4134162.23562622 4134162.90075684 4134163.55990601 4134164.07092285
 4134164.65527344 4134165.82556152 4134166.48468018 4134167.07247925
 4134168.18612671 4134168.71554565 4134169.32867432 4134170.50830078
 4134171.15045166 4134171.79620361 4134173.1725769  4134173.1725769
 4134174.38717651 4134175.03460693 4134175.76330566 4134176.16845703
 4134177.79406738 4134178.44696045 4134179.10119629 4134179.75637817
 4134180.98867798 4134181.72888184 4134182.38830566 4134183.04907227
 4134184.28918457]","[592617.52172852 592617.24766541 592616.97763062 592616.70931244
 592616.42903137 592616.16174316 592615.86729431 592615.56652832
 592615.21209717 592614.8404541  592614.46652222 592614.12585449
 592613.74134064 592613.40060425 592613.03260803 592612.82306671
 592612.82306671 592612.44594574 592612.00948334 592611.58286285
 592611.13819885 592610.67918396 592610.25299835 592609.80508423
 592609.37751007 592609.08623505 592609.08623505 592608.63726807
 592608.11495972 592607.56832886 592607.05910492 592606.51316833
 592605.99287415 592605.44950867 592604.90245056 592604.498703
 592604.498703   592604.25836182 592603.96299744 592603.68727875
 592603.38305664 592603.09637451 592602.80652618 592602.52469635
 592602.22880554 592601.92925262 592601.65351868 592601.34502411
 592600.99046326 592600.63793945 592600.30090332 592599.95834351
 592599.62510681 592599.27264404 592598.91265869 592598.58886719
 592598.22827148 592597.92321014 592597.55389404 592597.18498993
 592596.83338928 592596.4721756  592596.10292816 592595.76074982
 592595.38920593 592595.02079773 592594.66992188 592594.34698486
 592593.99040222 592593.62376404 592593.26408386 592592.89486694
 592592.52911377 592592.16304016 592591.80252075 592591.44961548
 592591.0821991 ]","[4134142.93167114 4134143.18341064 4134143.43139648 4134143.67785645
 4134143.93530273 4134144.18081665 4134144.45123291 4134144.76010132
 4134145.12405396 4134145.50564575 4134145.88964844 4134146.23947144
 4134146.63433838 4134146.98419189 4134147.36206055 4134147.57727051
 4134147.57727051 4134147.9828186  4134148.45223999 4134148.91110229
 4134149.38934326 4134149.88299561 4134150.34140015 4134150.82312012
 4134151.2829895  4134151.59622192 4134151.59622192 4134152.09457397
 4134152.67431641 4134153.28112793 4134153.84634399 4134154.45233154
 4134155.02984619 4134155.63299561 4134156.24023438 4134156.68835449
 4134156.68835449 4134157.12411499 4134157.65960693 4134158.15948486
 4134158.71102905 4134159.23080444 4134159.75628662 4134160.26724243
 4134160.80371094 4134161.34674072 4134161.84667969 4134162.29470825
 4134162.7991333  4134163.30062866 4134163.78005981 4134164.26739502
 4134164.74139404 4134165.24282837 4134165.75491333 4134166.21554565
 4134166.72848511 4134167.13531494 4134167.62625122 4134168.11654663
 4134168.58392334 4134169.0640564  4134169.55484009 4134170.00970459
 4134170.50354004 4134170.9932251  4134171.45962524 4134171.8878479
 4134172.36065674 4134172.84674072 4134173.3236084  4134173.81317139
 4134174.29806519 4134174.78338623 4134175.26141357 4134175.72930908
 4134176.21643066]",assets/numpy/ego_lane_6.txt,assets/numpy/ego_offset_6.txt,assets/numpy/npc_lane_6.txt,assets/numpy/npc_offset_6.txt
"[592623.83161926 592623.76459503 592623.68172455 592623.59072113
 592623.3924408  592623.28961945 592623.18440247 592622.97883606
 592622.86920929 592622.7414856  592622.48523712 592622.32234955
 592622.16963196 592622.02584076 592621.67893982 592621.4998703
 592621.29127502 592621.14886475 592620.95532227 592620.61814117
 592620.15445709 592619.9356842  592619.64082336 592619.14169312
 592618.8385849  592618.56754303 592618.1240387  592617.81494141
 592617.60469818 592617.3128891  592616.69850922 592616.38614655
 592616.07301331 592615.76083374 592615.1450882  592614.8416748
 592614.54774475 592614.271698   592613.82715607 592613.56822968
 592613.35483551 592612.98347473 592612.80599976 592612.64276886
 592612.49532318 592612.23755646 592612.11698151 592612.03689575
 592611.98809814 592611.85934448]","[4134142.730896   4134142.79476929 4134142.8744812  4134142.96337891
 4134143.15509033 4134143.25488281 4134143.35723877 4134143.55792236
 4134143.66534424 4134143.79077148 4134144.04367065 4134144.20504761
 4134144.35687256 4134144.50024414 4134144.84790039 4134145.02813721
 4134145.2388916  4134145.38314819 4134145.5798645  4134145.9239502
 4134146.40011597 4134146.62591553 4134146.93133545 4134147.45117188
 4134147.76861572 4134148.05349731 4134148.52166748 4134148.84939575
 4134149.07299805 4134149.38415527 4134150.04232788 4134150.37844849
 4134150.71624756 4134151.05401611 4134151.72290039 4134152.05368042
 4134152.37481689 4134152.67712402 4134153.16488647 4134153.44961548
 4134153.6847229  4134154.09436035 4134154.29040527 4134154.47088623
 4134154.63400269 4134154.91955566 4134155.05325317 4134155.14196777
 4134155.19607544 4134155.33886719]","[592615.47006226 592615.35221863 592615.23464966 592615.11332703
 592614.99734497 592614.87535095 592614.75521088 592614.69303894
 592614.46261597 592614.18341827 592613.89816284 592613.61390686
 592613.32904053 592613.06796265 592612.77548981 592612.49663544
 592612.22470856 592612.19155121 592611.88802338 592611.51577759
 592611.1525116  592610.80011749 592610.42182159 592610.04747009
 592609.69475555 592609.33271027 592609.30612183 592609.30612183
 592609.22029114 592609.12322998 592609.02241516 592608.91943359
 592608.81510925 592608.7204361  592608.63237    592608.53060913
 592608.43345642 592608.33176422 592607.83532715 592607.2141571
 592606.59452057 592605.98327637 592605.39263916 592604.80256653
 592604.16629791 592603.587883   592602.95107269 592602.35801697
 592602.05613708 592601.90103912]","[4134145.29803467 4134145.43005371 4134145.56170654 4134145.69763184
 4134145.82751465 4134145.96417236 4134146.09872437 4134146.16833496
 4134146.39819336 4134146.67672729 4134146.96130371 4134147.24481201
 4134147.52902222 4134147.78942871 4134148.08120728 4134148.35934448
 4134148.63061523 4134148.66366577 4134148.97943115 4134149.36676025
 4134149.74468994 4134150.11129761 4134150.50488281 4134150.89434814
 4134151.2612915  4134151.63800049 4134151.66564941 4134151.66564941
 4134152.16888428 4134152.73788452 4134153.32897949 4134153.93270874
 4134154.54437256 4134155.09936523 4134155.61566162 4134156.21228027
 4134156.78192139 4134157.37805176 4134157.62088013 4134157.86541748
 4134158.10943604 4134158.35006714 4134158.58267212 4134158.81500244
 4134159.06555176 4134159.29324341 4134159.54397583 4134159.77752686
 4134159.81164551 4134159.82189941]",assets/numpy/ego_lane_7.txt,assets/numpy/ego_offset_7.txt,assets/numpy/npc_lane_7.txt,assets/numpy/npc_offset_7.txt
"[592623.78012085 592623.63435364 592623.48223114 592623.14625549
 592622.9728775  592622.79040527 592622.57448578 592622.39868164
 592622.19229126 592621.64344025 592621.41423035 592621.18162537
 592620.91411591 592620.441185   592620.1517868  592619.89296722
 592619.66589355 592619.40561676 592619.1438446  592618.45484924
 592618.11715698 592617.8432312  592617.48908234 592616.89493561
 592616.53659058 592616.24959564 592615.86413574 592615.25749207
 592614.90528107 592614.54821777 592613.81619263 592613.43590546
 592612.99501801 592612.63930511 592612.2270813  592611.38316345
 592610.95053864 592610.56838226 592610.23983002 592609.12674713
 592608.67801666 592608.2237854  592607.70014954 592606.79738617
 592606.23843384 592605.79354095 592605.20652008 592604.66964722
 592603.7052002  592603.14552307 592602.5842514  592601.45700073
 592600.89118958 592600.39450836 592599.75133514 592598.66383362
 592598.00431824 592597.41777802 592596.40231323 592595.82777405
 592595.25631714 592594.68643951 592593.54567719 592592.97265625
 592592.397789   592591.82122803 592590.6648407  592590.08602905
 592589.86888123 592588.927948   592587.84127808 592587.26374817
 592586.69024658]","[4134142.80322266 4134142.9473877  4134143.09820557 4134143.43292236
 4134143.60653687 4134143.78982544 4134144.00747681 4134144.18527222
 4134144.39465332 4134144.9548645  4134145.19024658 4134145.42993164
 4134145.706604   4134146.19827271 4134146.5007019  4134146.77209473
 4134147.01101685 4134147.28570557 4134147.56280518 4134148.29602051
 4134148.65734863 4134148.95135498 4134149.33255005 4134149.97470093
 4134150.36346436 4134150.67572021 4134151.09622192 4134151.7600708
 4134152.14654541 4134152.53915405 4134153.34619141 4134153.76647949
 4134154.25448608 4134154.64880371 4134155.10632324 4134156.04443359
 4134156.52600098 4134156.95147705 4134157.31747437 4134158.55792236
 4134159.05792236 4134159.56390381 4134160.14691162 4134161.15106201
 4134161.77191162 4134162.26544189 4134162.91589355 4134163.50976562
 4134164.5741272  4134165.19012451 4134165.80654907 4134167.04046631
 4134167.65777588 4134168.19851685 4134168.89715576 4134170.07476807
 4134170.79211426 4134171.43817139 4134172.58361816 4134173.24676514
 4134173.91424561 4134174.58477783 4134175.93041992 4134176.60452271
 4134177.27877808 4134177.95339966 4134179.30499268 4134179.98242188
 4134180.23687744 4134181.3414917  4134182.62030029 4134183.30004883
 4134183.97433472]","[592616.1792984  592615.9098053  592615.62414551 592615.35988617
 592615.0776825  592614.80438232 592614.53663635 592614.25541687
 592613.92608643 592613.55596924 592613.16433716 592612.80589294
 592612.43811035 592612.05809021 592611.69552612 592611.31086731
 592610.94484711 592610.57836914 592610.18684387 592609.747612
 592609.32495117 592608.87554169 592608.44073486 592608.00011444
 592607.58634949 592607.14173889 592606.69825745 592606.58979034
 592606.12918854 592605.61769104 592605.05963135 592604.51963806
 592603.98086548 592603.44120789 592602.91172791 592602.37302399
 592601.80296326 592601.60484314 592601.36891174 592601.09124756
 592600.80674744 592600.52931213 592600.24093628 592599.96945953
 592599.68614197 592599.40665436 592599.11404419 592598.83265686
 592598.5331955  592598.166008   592597.82952881 592597.48181915
 592597.1230011  592596.77850342 592596.41308594 592596.05965424
 592595.72621918 592595.36367798 592595.0462265  592594.68800354
 592594.33290863 592593.96900177 592593.60900116 592593.24131775
 592592.8835144  592592.51988983 592592.1572113  592591.80879211
 592591.48149109 592591.10694885 592590.74430847 592590.37715149
 592590.00924683]","[4134144.44213867 4134144.69836426 4134144.96994019 4134145.22119141
 4134145.48950195 4134145.74935913 4134146.00390625 4134146.27130127
 4134146.60531616 4134146.98245239 4134147.38153076 4134147.7467041
 4134148.12142944 4134148.50866699 4134148.87811279 4134149.27001953
 4134149.64294434 4134150.01638794 4134150.43719482 4134150.91134644
 4134151.3677063  4134151.85284424 4134152.32229614 4134152.79800415
 4134153.24468994 4134153.72473145 4134154.20349121 4134154.32061768
 4134154.83276367 4134155.40148926 4134156.02200317 4134156.62243652
 4134157.22149658 4134157.8215332  4134158.41027832 4134159.00930786
 4134159.64312744 4134159.86340332 4134160.30706787 4134160.82925415
 4134161.36425781 4134161.88598633 4134162.42822266 4134162.93875122
 4134163.47149658 4134163.99710083 4134164.54730225 4134165.07647705
 4134165.50021362 4134166.00961304 4134166.47647095 4134166.95889282
 4134167.45666504 4134167.93466187 4134168.44161987 4134168.9319458
 4134169.39459229 4134169.89752197 4134170.32192993 4134170.79962158
 4134171.27310181 4134171.7583313  4134172.23834229 4134172.72857666
 4134173.20568848 4134173.69055176 4134174.1741333  4134174.63873291
 4134175.06738281 4134175.5569458  4134176.03094482 4134176.51086426
 4134176.99182129]",assets/numpy/ego_lane_8.txt,assets/numpy/ego_offset_8.txt,assets/numpy/npc_lane_8.txt,assets/numpy/npc_offset_8.txt
"[592622.16963959 592622.01246643 592621.70321655 592621.5066452
 592621.34896088 592621.13708496 592620.79753113 592620.57342529
 592620.36061096 592620.13596344 592619.70011139 592619.4239502
 592619.16830444 592618.91078186 592618.4249649  592618.13069153
 592617.86553192 592617.7318573  592617.06819916 592616.76840973
 592616.45850372 592616.1451416  592615.51321411 592615.18769836
 592614.85035706 592614.50983429 592613.8165741  592613.50736237
 592613.14468384 592612.76817322 592611.9812851  592611.56948853
 592610.72399902 592610.34747314 592609.8533783  592609.46653748
 592608.96642303 592608.17196655 592607.71087646 592607.24763489
 592606.77523041 592605.81794739 592605.34218597 592604.86966705
 592603.99617004 592603.5963974  592603.24299622]","[4134144.34713745 4134144.50305176 4134144.81115723 4134145.00796509
 4134145.16635132 4134145.37991333 4134145.72363281 4134145.95162964
 4134146.16900635 4134146.3991394  4134146.84777832 4134147.1335144
 4134147.39892578 4134147.66723633 4134148.17593384 4134148.4855957
 4134148.76559448 4134148.90710449 4134149.61279297 4134149.93322754
 4134150.26544189 4134150.60238647 4134151.28466797 4134151.63757324
 4134152.00427246 4134152.37530518 4134153.13348389 4134153.47271729
 4134153.87145996 4134154.28607178 4134155.1550293  4134155.61083984
 4134156.54879761 4134156.96731567 4134157.51702881 4134157.94775391
 4134158.50488281 4134159.39044189 4134159.90438843 4134160.4206543
 4134160.94699097 4134162.01281738 4134162.54193115 4134163.0670166
 4134164.03607178 4134164.4788208  4134164.89276123]","[592614.96355438 592614.70410919 592614.44045258 592614.18235779
 592613.90713501 592613.64653778 592613.37970734 592613.07411957
 592612.68972778 592612.32164001 592611.96524048 592611.59827423
 592611.2203064  592610.84292603 592610.47117615 592610.11247253
 592609.73888397 592609.35184479 592608.88298035 592608.43307495
 592607.97898102 592607.53473663 592607.08187866 592606.62947083
 592606.18060303 592605.70926666 592605.2507782  592605.03504944
 592604.80104828 592604.5713501  592604.34938049 592604.10751343
 592603.88198853 592603.6411438  592603.42121887 592603.19048309
 592602.95405579 592602.65723419 592602.31891632 592601.96844482
 592601.62690735 592601.28373718 592600.94625854 592600.61734772
 592600.26300049 592599.89897156 592599.51483917]","[4134145.71478271 4134145.96643066 4134146.22213745 4134146.47247314
 4134146.73944092 4134146.99221802 4134147.25109863 4134147.5614624
 4134147.95233154 4134148.32666016 4134148.68902588 4134149.06219482
 4134149.4465332  4134149.83026123 4134150.20825195 4134150.57305908
 4134150.95285034 4134151.36627197 4134151.86834717 4134152.35021973
 4134152.83648682 4134153.31225586 4134153.79718018 4134154.28173828
 4134154.76242065 4134155.26721191 4134155.75817871 4134156.24835205
 4134156.80764771 4134157.35671997 4134157.88726807 4134158.4654541
 4134159.0045166  4134159.5802002  4134160.105896   4134160.65740967
 4134161.22259521 4134161.66586304 4134162.15478516 4134162.66122437
 4134163.15484619 4134163.65081787 4134164.13848877 4134164.61386108
 4134165.12588501 4134165.65197754 4134166.20718384]",assets/numpy/ego_lane_9.txt,assets/numpy/ego_offset_9.txt,assets/numpy/npc_lane_9.txt,assets/numpy/npc_offset_9.txt
"[592615.07363892 592614.68034363 592614.27410889 592613.86222076
 592613.54560089 592612.84484863 592611.95812225 592611.50696564
 592611.1074295  592610.59467316 592609.68022156 592609.27371216
 592608.289711   592607.88536835 592607.53936005 592607.07678986
 592606.14308167 592605.67363739 592605.20257568 592604.72923279
 592603.7692337  592603.22522736 592602.29878998 592602.29878998
 592601.92084503 592600.64427185 592600.06134033 592599.54970551
 592599.04633331 592598.55269623 592597.59608459 592597.13329315
 592596.67801666 592595.82988739 592595.82988739 592594.76060486
 592594.35775757 592594.01620483 592593.63985443 592592.9082489
 592592.58039093 592592.27796173 592591.71504211 592591.3795929 ]","[4134152.23205566 4134152.66772461 4134153.11837769 4134153.5758667
 4134153.92785645 4134154.70761108 4134155.69552612 4134156.19848633
 4134156.64398193 4134157.21557617 4134158.23468018 4134158.68737793
 4134159.78164673 4134160.23071289 4134160.61471558 4134161.12774658
 4134162.16174316 4134162.68054199 4134163.20046997 4134163.72198486
 4134164.77685547 4134165.37277222 4134166.38467407 4134166.38467407
 4134166.79638672 4134168.18133545 4134168.81607056 4134169.37796021
 4134169.93835449 4134170.49676514 4134171.60180664 4134172.14349365
 4134172.6784668  4134173.67330933 4134173.67330933 4134174.91650391
 4134175.38427734 4134175.7869873  4134176.24407959 4134177.10705566
 4134177.51190186 4134177.8963623  4134178.61535645 4134179.04595947]","[592606.79442596 592606.2906189  592605.82840729 592605.54588318
 592605.29343414 592604.9850769  592604.67909241 592604.36126709
 592604.06002808 592603.75613403 592603.44681549 592603.13896179
 592602.82985687 592602.50856018 592602.20263672 592601.85269165
 592601.50524902 592601.1491394  592600.811203   592600.4691391
 592600.1064682  592599.76963806 592599.41660309 592599.0711441
 592598.72502136 592598.36186218 592597.97052002 592597.6115036
 592597.240448   592596.86554718 592596.48192596 592596.10956573
 592595.72705078 592595.36628723 592595.0357666  592594.6566391
 592594.29351807 592593.89929962 592593.53227234 592593.18424988
 592592.81314087 592592.45483398 592592.0772171  592591.71583557]","[4134155.28521729 4134155.84295654 4134156.35455322 4134156.66729736
 4134157.08856201 4134157.60302734 4134158.11358643 4134158.64395142
 4134159.14660645 4134159.65368652 4134160.1697998  4134160.68347168
 4134161.19921875 4134161.73535156 4134162.1678772  4134162.65771484
 4134163.14395142 4134163.64239502 4134164.11535645 4134164.59411621
 4134165.10171509 4134165.57318115 4134166.06726074 4134166.55078125
 4134166.9887085  4134167.4432373  4134167.93301392 4134168.38226318
 4134168.84667969 4134169.31591797 4134169.79598999 4134170.26205444
 4134170.74075317 4134171.19232178 4134171.6242981  4134172.12225342
 4134172.59927368 4134173.11712646 4134173.59918213 4134174.05633545
 4134174.54376221 4134175.01443481 4134175.51049805 4134175.98516846]",assets/numpy/ego_lane_10.txt,assets/numpy/ego_offset_10.txt,assets/numpy/npc_lane_10.txt,assets/numpy/npc_offset_10.txt
"[592622.80065918 592622.57806396 592622.08094788 592621.8609314
 592621.5692215  592621.3388443  592620.81402588 592620.52059937
 592620.22646332 592619.92430878 592619.28167725 592618.95174408
 592618.6133728  592618.27228546 592617.6247406  592617.22797394
 592617.13876343 592616.19134521 592615.81613159 592615.43811798
 592615.06066132 592614.68806458 592613.96276093 592613.60945129
 592613.26659393 592612.65184784 592612.33287048 592612.06138611
 592611.50978088 592611.22795105 592610.95590973 592610.69412994
 592610.26069641 592610.03980255 592609.86300659 592609.69969177]","[4134143.88894653 4134144.11990356 4134144.63842773 4134144.86907959
 4134145.17602539 4134145.41918945 4134145.97549438 4134146.28796387
 4134146.60195923 4134146.92544556 4134147.61654663 4134147.97311401
 4134148.33990479 4134148.71069336 4134149.41711426 4134149.85147095
 4134149.94934082 4134150.99221802 4134151.40655518 4134151.82485962
 4134152.24307251 4134152.65625    4134153.46121216 4134153.85375977
 4134154.23486328 4134154.91918945 4134155.2746582  4134155.57727051
 4134156.17700195 4134156.49169922 4134156.80102539 4134157.10375977
 4134157.62371826 4134157.89477539 4134158.10870361 4134158.30194092]","[592615.16905212 592614.85018921 592614.52323914 592614.1985321
 592613.88313293 592613.55958557 592613.37165833 592613.14735413
 592612.93930054 592612.74119568 592612.52886963 592612.32104492
 592612.10592651 592611.89862823 592611.68475342 592611.48067474
 592611.1932373  592610.85774231 592610.51525879 592610.18984222
 592609.85417938 592609.50819397 592609.18240356 592608.83073425
 592608.50718689 592608.157341   592607.84875488 592607.4513855
 592607.11608887 592606.75027466 592606.40744781 592606.0382843
 592605.67917633 592605.34135437 592604.97705078 592604.6339798 ]","[4134145.45849609 4134145.77911377 4134146.10784912 4134146.43432617
 4134146.75152588 4134147.07684326 4134147.54748535 4134148.14764404
 4134148.70428467 4134149.234375   4134149.80239868 4134150.35848999
 4134150.93408203 4134151.48867798 4134152.06088257 4134152.60690308
 4134153.04434204 4134153.54046631 4134154.04696655 4134154.52816772
 4134155.02456665 4134155.53625488 4134156.01800537 4134156.53808594
 4134157.01654053 4134157.53390503 4134157.95809937 4134158.5022583
 4134158.9614563  4134159.46240234 4134159.9319458  4134160.4375
 4134160.92932129 4134161.39196777 4134161.89083862 4134162.36065674]",assets/numpy/ego_lane_11.txt,assets/numpy/ego_offset_11.txt,assets/numpy/npc_lane_11.txt,assets/numpy/npc_offset_11.txt
"[592625.17401886 592624.99120331 592624.77121735 592624.6333313
 592624.49921417 592624.1937561  592624.05672455 592623.87692261
 592623.71389771 592623.43743134 592623.23710632 592623.0563736
 592622.89548492 592622.50223541 592622.28713989 592621.79438782
 592621.55782318 592621.34893799 592621.07622528 592620.89241028
 592620.42555237 592620.16217804 592619.88334656 592619.32872009
 592618.99302673 592618.69374084 592618.39307404 592617.82647705
 592617.52249908 592617.24648285 592616.62882996 592615.93722534
 592615.93722534 592615.58352661 592614.90651703 592614.49082184
 592614.11107635 592613.72153473 592612.96748352 592612.50621033
 592612.40280151 592611.7228241  592610.86557007 592610.43058777
 592609.99919891 592609.13635254 592608.7057724  592608.27997589
 592607.86018372 592607.14215088]","[4134141.45559692 4134141.63378906 4134141.8493042  4134141.98492432
 4134142.11727905 4134142.42001343 4134142.55639648 4134142.73602295
 4134142.89941406 4134143.17755127 4134143.38006592 4134143.56332397
 4134143.72695923 4134144.12869263 4134144.34942627 4134144.85778809
 4134145.1031189  4134145.32046509 4134145.60513306 4134145.79760742
 4134146.28839111 4134146.56643677 4134146.86175537 4134147.45178223
 4134147.8104248  4134148.13128662 4134148.45465088 4134149.06680298
 4134149.39630127 4134149.6958313  4134150.36938477 4134151.12640381
 4134151.12640381 4134151.51495361 4134152.26031494 4134152.71981812
 4134153.13986206 4134153.57141113 4134154.40820312 4134154.92095947
 4134155.03594971 4134155.79278564 4134156.74786377 4134157.23272705
 4134157.71362305 4134158.67532349 4134159.1550293  4134159.62911987
 4134160.09625244 4134160.89450073]","[592617.23686218 592617.03427124 592616.84448242 592616.63893127
 592616.44377136 592616.25466156 592616.06127167 592615.85826111
 592615.67032623 592615.46965027 592615.20932007 592614.88790894
 592614.57697296 592614.272995   592613.96600342 592613.64433289
 592613.34862518 592613.03957367 592612.72023773 592612.62876129
 592612.31180573 592611.91049957 592611.521698   592611.1103363
 592610.72906494 592610.33945465 592609.93074036 592609.52908325
 592609.13380432 592609.06388855 592608.84402466 592608.57460022
 592608.29393005 592608.04039001 592607.75895691 592607.50657654
 592607.22615051 592606.95913696 592606.69103241 592606.42914581
 592606.11898804 592605.77705383 592605.43667603 592605.06008911
 592604.71472931 592604.38298035 592604.0322113  592603.69194794
 592603.33978271 592602.96940613]","[4134144.17346191 4134144.38952637 4134144.59194946 4134144.81121826
 4134145.01934814 4134145.2210083  4134145.42727661 4134145.64379883
 4134145.8442688  4134146.05828857 4134146.32672119 4134146.65759277
 4134146.97775269 4134147.29064941 4134147.60671997 4134147.93786621
 4134148.24230957 4134148.56045532 4134148.88922119 4134148.98342896
 4134149.32315063 4134149.75326538 4134150.16992188 4134150.61083984
 4134151.01950073 4134151.43707275 4134151.87512207 4134152.30560303
 4134152.72930908 4134152.80419922 4134153.24468994 4134153.78448486
 4134154.34686279 4134154.85479736 4134155.41864014 4134155.92425537
 4134156.48614502 4134157.02105713 4134157.55819702 4134158.08288574
 4134158.52990723 4134159.01080322 4134159.48962402 4134160.01934814
 4134160.50512695 4134160.97174072 4134161.46514893 4134161.9437561
 4134162.43911743 4134162.96008301]",assets/numpy/ego_lane_12.txt,assets/numpy/ego_offset_12.txt,assets/numpy/npc_lane_12.txt,assets/numpy/npc_offset_12.txt
"[592624.78259277 592624.6383667  592624.49019623 592624.22597504
 592624.05719757 592623.94139099 592623.7953186  592623.54491425
 592623.3914032  592623.26602173 592623.0905304  592622.76284027
 592622.59430695 592622.43786621 592622.34636688 592622.04286194
 592621.65544891 592621.4282074  592621.22195435 592620.78652191
 592620.56220245 592620.39000702 592620.15440369 592619.90913391
 592619.65988159 592619.23670197 592618.70517731 592618.43222809
 592618.15634155 592617.59059143 592617.28907013 592616.94050598
 592616.70566559 592616.08981323 592615.7483902  592615.04109955
 592614.73011017 592614.32828522 592613.96840668 592613.60641479
 592613.24060059 592612.48448944 592612.0447464  592611.70059204
 592611.00787354 592610.60414886 592610.14273834 592609.40636444
 592608.92581177 592608.4484024  592608.07173157 592606.76584625
 592606.76584625 592606.35237885 592606.20057678 592605.36547852
 592605.05605316 592604.74516296 592604.19032288 592603.87952423
 592603.61084747 592603.34731293 592602.84200287 592602.59823608]","[4134141.82589722 4134141.96548462 4134142.109375   4134142.3656311
 4134142.5295105  4134142.64251709 4134142.78564453 4134143.03216553
 4134143.18408203 4134143.30847168 4134143.48321533 4134143.81124878
 4134143.98080444 4134144.13870239 4134144.23126221 4134144.53942871
 4134144.93518066 4134145.1685791  4134145.38110352 4134145.83197021
 4134146.06542969 4134146.24508667 4134146.49163818 4134146.74908447
 4134147.01153564 4134147.45889282 4134148.02389526 4134148.31521606
 4134148.61047363 4134149.21850586 4134149.54388428 4134149.92095947
 4134150.17559814 4134150.84564209 4134151.21829224 4134151.99252319
 4134152.33407593 4134152.77636719 4134153.17346191 4134153.5736084
 4134153.97866821 4134154.81747437 4134155.30596924 4134155.68847656
 4134156.459198   4134156.9090271  4134157.42352295 4134158.24505615
 4134158.78112793 4134159.31344604 4134159.73321533 4134161.18658447
 4134161.18658447 4134161.64605713 4134161.81469727 4134162.76663208
 4134163.12234497 4134163.47033691 4134164.09436035 4134164.45278931
 4134164.76251221 4134165.06610107 4134165.65203857 4134165.93536377]","[592616.29356384 592616.29356384 592616.29356384 592616.29356384
 592616.05239868 592615.76132965 592615.47065735 592615.1913681
 592614.90551758 592614.6199646  592614.32641602 592614.04768372
 592613.75954437 592613.54480743 592613.25758362 592612.93243408
 592612.58074951 592612.24871063 592611.90231323 592611.57064056
 592611.23736572 592611.11818695 592611.11818695 592611.11818695
 592610.75918579 592610.33583069 592609.91398621 592609.49490356
 592609.06960297 592608.62036133 592608.24807739 592607.81925964
 592607.61907959 592607.61907959 592607.41152191 592607.15032196
 592606.88005066 592606.63768005 592606.36305237 592606.11126709
 592605.84997559 592605.59576416 592605.33039856 592605.0806427
 592604.78923035 592604.45184326 592604.09338379 592603.75905609
 592603.42701721 592603.08291626 592602.75706482 592602.40374756
 592602.0866394  592601.74746704 592601.40969086 592601.01040649
 592600.64365387 592600.27560425 592599.90548706 592599.55610657
 592599.17404175 592598.82801056 592598.45566559 592598.08879089]","[4134144.98309326 4134144.98309326 4134144.98309326 4134144.98309326
 4134145.22021484 4134145.50634766 4134145.79205322 4134146.06661987
 4134146.34762573 4134146.62835693 4134146.91690063 4134147.19091797
 4134147.47418213 4134147.68530273 4134147.98712158 4134148.3288269
 4134148.69839478 4134149.04727173 4134149.41131592 4134149.75982666
 4134150.11001587 4134150.23529053 4134150.23529053 4134150.23529053
 4134150.62200928 4134151.07800293 4134151.53234863 4134151.98376465
 4134152.44186401 4134152.92575073 4134153.32678223 4134153.78863525
 4134154.00424194 4134154.00424194 4134154.43951416 4134154.98721313
 4134155.55401611 4134156.06231689 4134156.63818359 4134157.16622925
 4134157.71414185 4134158.2472229  4134158.8036499  4134159.32745361
 4134159.76629639 4134160.26101685 4134160.78665161 4134161.27688599
 4134161.76379395 4134162.26837158 4134162.74621582 4134163.26425171
 4134163.72930908 4134164.22662354 4134164.67160034 4134165.19140625
 4134165.66891479 4134166.14807129 4134166.62988281 4134167.08477783
 4134167.58215332 4134168.03265381 4134168.51739502 4134168.99499512]",assets/numpy/ego_lane_13.txt,assets/numpy/ego_offset_13.txt,assets/numpy/npc_lane_13.txt,assets/numpy/npc_offset_13.txt
"[592625.89476013 592625.83328247 592625.76317596 592625.68494415
 592625.53410339 592625.45956421 592625.38726807 592625.31704712
 592625.2634201  592625.11372375 592624.92492676 592624.79836273
 592624.67585754 592624.53701782 592624.25775146 592624.08781433
 592623.93521118 592623.78120422 592623.48728943 592623.32068634
 592622.96942902 592622.76841736 592622.53663635 592622.32647705
 592622.11265564 592621.66802216 592621.43225098 592621.18573761
 592621.08886719 592620.42147064 592620.09187317 592619.83346558
 592619.4996109  592618.94090271 592618.60422516 592618.34144592
 592618.03951263 592617.46839142 592617.3919754  592616.52694702
 592616.23587799 592615.85192108 592615.49836731 592615.13683319
 592614.43305206 592613.99582672 592613.29134369 592612.87734222
 592612.51104736 592612.08719635 592611.7154007  592610.81373596
 592610.38822937 592609.96170807 592609.21623993 592608.68193817
 592608.25242615 592607.82027435 592607.54819489 592606.30638885
 592605.90132141 592605.37497711 592604.90340424 592603.94988251
 592603.52973938 592602.9863739  592602.50010681 592602.00957489
 592601.13596344 592600.68964386 592599.91706085 592599.50090027
 592599.14068604 592598.52284241 592598.25809479 592597.92014313
 592597.32685852 592597.32685852]","[4134140.76055908 4134140.81951904 4134140.88708496 4134140.96224976
 4134141.10754395 4134141.17971802 4134141.24972534 4134141.31793213
 4134141.37008667 4134141.51593018 4134141.70068359 4134141.82501221
 4134141.94567871 4134142.08282471 4134142.35980225 4134142.52929688
 4134142.68188477 4134142.83636475 4134143.13226318 4134143.30065918
 4134143.6572876  4134143.86224365 4134144.09942627 4134144.31521606
 4134144.53552246 4134144.99581909 4134145.24099731 4134145.49829102
 4134145.59957886 4134146.30078125 4134146.64916992 4134146.92333984
 4134147.27868652 4134147.87615967 4134148.23776245 4134148.52081299
 4134148.84686279 4134149.46588135 4134149.5489502  4134150.49224854
 4134150.8109436  4134151.23223877 4134151.62103271 4134152.01934814
 4134152.79663086 4134153.28067017 4134154.06207275 4134154.52209473
 4134154.92953491 4134155.40133667 4134155.81552124 4134156.82080078
 4134157.29559326 4134157.77160645 4134158.60333252 4134159.1991272
 4134159.67779541 4134160.1590271  4134160.46182251 4134161.8414917
 4134162.29058838 4134162.8734436  4134163.3949585  4134164.44717407
 4134164.90985107 4134165.50701904 4134166.04034424 4134166.57723999
 4134167.53060913 4134168.01620483 4134168.95840454 4134169.47814941
 4134169.90377808 4134170.67987061 4134170.996521   4134171.40457153
 4134172.14624023 4134172.14624023]","[592618.65628052 592618.54473114 592618.43131256 592618.30883789
 592618.19754791 592618.08208466 592617.96357727 592617.84838867
 592617.6630249  592617.46845245 592617.25964355 592617.05342865
 592616.83883667 592616.64048767 592616.43057251 592616.23339081
 592616.01979828 592615.81549072 592615.5585022  592615.24745178
 592614.93804169 592614.62930298 592614.33661652 592614.02243042
 592613.72370911 592613.42754364 592613.12243652 592612.80870819
 592612.43785858 592612.00743866 592611.55998993 592611.14846802
 592610.72146606 592610.27986145 592609.84915161 592609.43383789
 592608.985672   592608.65840149 592608.25114441 592607.77011871
 592607.27818298 592606.80497742 592606.34300232 592605.85882568
 592605.34588623 592604.89621735 592604.41740417 592604.41740417
 592604.18380737 592603.90557098 592603.64064789 592603.36256409
 592603.09011841 592602.81015015 592602.52988434 592602.2695694
 592601.98513794 592601.72076416 592601.42735291 592601.08737183
 592600.75370789 592600.4278717  592600.07958984 592599.74679565
 592599.41716766 592599.09370422 592598.75744629 592598.4243927
 592598.09825897 592597.68785095 592597.33313751 592596.94590759
 592596.59090424 592596.20980835 592595.85123444 592595.4706192
 592595.11303711 592594.74816895]","[4134142.18170166 4134142.28244019 4134142.38491821 4134142.49551392
 4134142.59606934 4134142.70031738 4134142.80737305 4134142.91140747
 4134143.08840942 4134143.27450562 4134143.47421265 4134143.67144775
 4134143.87677002 4134144.06646729 4134144.26727295 4134144.45587158
 4134144.66018677 4134144.85562134 4134145.11468506 4134145.42907715
 4134145.74172974 4134146.05383301 4134146.34957886 4134146.66717529
 4134146.96905518 4134147.26837158 4134147.57675171 4134147.89379883
 4134148.28689575 4134148.74435425 4134149.21984863 4134149.65722656
 4134150.11102295 4134150.5803833  4134151.03808594 4134151.47946167
 4134151.95574951 4134152.30352783 4134152.75457764 4134153.28735352
 4134153.83221436 4134154.35632324 4134154.86798096 4134155.40414429
 4134155.97225952 4134156.47027588 4134157.00061035 4134157.00061035
 4134157.45373535 4134157.99334717 4134158.50720215 4134159.04663086
 4134159.57501221 4134160.11810303 4134160.66174316 4134161.16662598
 4134161.71832275 4134162.23110962 4134162.68322754 4134163.19439697
 4134163.69598389 4134164.18591309 4134164.70950317 4134165.20983887
 4134165.7053833  4134166.19165039 4134166.69717407 4134167.19793701
 4134167.61993408 4134168.14575195 4134168.60021973 4134169.09637451
 4134169.55111694 4134170.03942871 4134170.49884033 4134170.9864502
 4134171.4446106  4134171.91207886]",assets/numpy/ego_lane_14.txt,assets/numpy/ego_offset_14.txt,assets/numpy/npc_lane_14.txt,assets/numpy/npc_offset_14.txt
"[592624.02453613 592623.94097137 592623.87072754 592623.8053894
 592623.75848389 592623.65678406 592623.54480743 592623.45895386
 592623.38297272 592623.22202301 592623.13857269 592623.04654694
 592622.92829132 592622.68878937 592622.55974579 592622.42803192
 592622.15895081 592622.01989746 592621.87277222 592621.7144165
 592621.54153442 592621.21374512 592620.8000946  592620.8000946
 592620.65291595 592620.30204773 592619.89056396 592619.65396118
 592619.37805939 592619.12166595 592618.59802246 592618.33352661
 592618.06704712 592617.59812164 592617.59812164 592617.12260437
 592616.58584595 592616.25762177 592615.95490265 592615.64887238
 592615.02866364 592614.71232605 592614.39385986 592613.82289124
 592613.24169922 592612.89756775 592612.58403778 592612.21102905
 592611.77737427 592610.99428558 592610.64830017 592610.202034
 592609.85349274 592609.50385284 592609.10289001 592608.40153503
 592607.64063263 592607.16722107 592606.74197388 592606.32493591
 592605.49922943 592605.08905029 592604.67958832 592604.26885986
 592603.54102325 592603.12016296 592602.69806671 592601.90991974
 592601.43994141 592601.10955048 592600.54102325 592600.23451233
 592599.92956543 592599.62614441]","[4134142.54867554 4134142.62936401 4134142.69723511 4134142.76049805
 4134142.80599976 4134142.90490723 4134143.01403809 4134143.09777832
 4134143.17214966 4134143.33013916 4134143.41226196 4134143.50305176
 4134143.61993408 4134143.85751343 4134143.98599243 4134144.11755371
 4134144.38726807 4134144.52719116 4134144.67565918 4134144.83590698
 4134145.01141357 4134145.34555054 4134145.76965332 4134145.76965332
 4134145.92111206 4134146.28375244 4134146.71133423 4134146.95831299
 4134147.24725342 4134147.51660156 4134148.06942749 4134148.34991455
 4134148.63330078 4134149.13397217 4134149.13397217 4134149.64404297
 4134150.22283936 4134150.57800293 4134150.90649414 4134151.23931885
 4134151.91595459 4134152.26220703 4134152.61141968 4134153.23925781
 4134153.88021851 4134154.26055908 4134154.60751343 4134155.02087402
 4134155.50201416 4134156.37210083 4134156.75701904 4134157.25393677
 4134157.64224243 4134158.03201294 4134158.47912598 4134159.26135254
 4134160.11004639 4134160.63806152 4134161.11193848 4134161.57635498
 4134162.49520874 4134162.95144653 4134163.40652466 4134163.86276245
 4134164.67022705 4134165.13635254 4134165.6031189  4134166.47296143
 4134166.99050903 4134167.37426758 4134168.03726196 4134168.38885498
 4134168.74514771 4134169.10522461]","[592615.68051147 592615.68051147 592615.68051147 592615.68051147
 592615.53895569 592615.36505127 592615.19296265 592615.02555847
 592614.85302734 592614.66844177 592614.51142883 592614.41875458
 592614.41875458 592614.41875458 592614.19889832 592613.95033264
 592613.70140076 592613.43932343 592613.18315125 592612.92976379
 592612.67596436 592612.49668121 592612.49668121 592612.49668121
 592612.21788025 592611.88788605 592611.53581238 592611.1892395
 592610.86735535 592610.52215576 592610.1957016  592609.85549164
 592609.64118958 592609.64118958 592609.28700256 592608.86524963
 592608.42835999 592608.0148468  592607.59418488 592607.14759064
 592606.73075104 592606.30821991 592605.8881073  592605.6960907
 592605.28468323 592604.78820801 592604.26924133 592603.78495789
 592603.27731323 592602.75076294 592602.29736328 592601.77157593
 592601.28914642 592601.18319702 592600.97203064 592600.74028015
 592600.47434998 592600.25064087 592600.00701904 592599.75054932
 592599.51210022 592599.25997162 592599.01167297 592598.7666626
 592598.47558594 592598.14221954 592597.80966949 592597.46589661
 592597.12618256 592596.75580597 592596.42681122 592596.08679962
 592595.74517059 592595.41279602]","[4134145.91601562 4134145.91601562 4134145.91601562 4134145.91601562
 4134146.05633545 4134146.22866821 4134146.39923096 4134146.56512451
 4134146.7361145  4134146.91900635 4134147.074646   4134147.16647339
 4134147.16647339 4134147.16647339 4134147.39031982 4134147.64337158
 4134147.89685059 4134148.16366577 4134148.42449951 4134148.68243408
 4134148.94082642 4134149.12338257 4134149.12338257 4134149.12338257
 4134149.41662598 4134149.76370239 4134150.13397217 4134150.49847412
 4134150.83703613 4134151.20010376 4134151.54342651 4134151.90127563
 4134152.12664795 4134152.12664795 4134152.51251221 4134152.97192383
 4134153.44787598 4134153.89831543 4134154.35656738 4134154.84307861
 4134155.29718018 4134155.75741577 4134156.21502686 4134156.42425537
 4134156.88336182 4134157.43753052 4134158.01672363 4134158.55725098
 4134159.1237793  4134159.71148682 4134160.21749878 4134160.80432129
 4134161.34277344 4134161.46099854 4134161.9331665  4134162.45129395
 4134163.0458374  4134163.54602051 4134164.09066772 4134164.66409302
 4134165.19720459 4134165.76089478 4134166.31604004 4134166.86380005
 4134167.30014038 4134167.79223633 4134168.28314209 4134168.79058838
 4134169.29202271 4134169.83880615 4134170.32443237 4134170.82635498
 4134171.33059692 4134171.82128906]",assets/numpy/ego_lane_15.txt,assets/numpy/ego_offset_15.txt,assets/numpy/npc_lane_15.txt,assets/numpy/npc_offset_15.txt
"[592615.66784668 592615.3375473  592614.99437714 592614.6450882
 592613.93193817 592613.61450958 592613.24750519 592612.82915497
 592612.4974823  592611.76061249 592611.35792542 592610.52991486
 592610.52991486 592609.65877533 592609.21886444 592608.77890015
 592608.34145355 592607.47411346 592607.04180908 592606.87947845
 592605.84114075 592605.44793701 592604.93256378 592603.99954987
 592603.52431488 592603.04289246 592602.55758667 592602.07002258
 592601.08190155 592601.01960754 592599.63034058 592599.63034058
 592598.59368134 592598.06143951 592596.98488617 592596.52106476
 592595.93804932 592595.43009949 592594.55292511 592594.05217743
 592593.05729675 592592.55838776 592592.11685181]","[4134151.33218384 4134151.69433594 4134152.07128906 4134152.45568848
 4134153.24221802 4134153.59310913 4134153.99926758 4134154.46286011
 4134154.83087158 4134155.64944458 4134156.09747314 4134157.01989746
 4134157.01989746 4134157.99111938 4134158.48168945 4134158.97229004
 4134159.45993042 4134160.42633057 4134160.90774536 4134161.08847046
 4134162.2434082  4134162.68014526 4134163.2517395  4134164.28408813
 4134164.80862427 4134165.33905029 4134165.87286377 4134166.40826416
 4134167.49047852 4134167.55859375 4134169.0736084  4134169.0736084
 4134170.19888306 4134170.7739563  4134171.94561768 4134172.46276855
 4134173.12698364 4134173.71685791 4134174.7510376  4134175.34506226
 4134176.5244751  4134177.11260986 4134177.63256836]","[592608.59428406 592608.13102722 592607.65255737 592607.16049194
 592606.71417999 592606.22423553 592605.7444458  592605.28613281
 592604.80238342 592604.56786346 592604.31134033 592604.07254028
 592603.81576538 592603.56930542 592603.33333588 592603.08724213
 592602.8343811  592602.59057617 592602.33717346 592602.04171753
 592601.7229538  592601.40943909 592601.07501221 592600.75346375
 592600.43579865 592600.09840393 592599.78158569 592599.4631958
 592599.14165497 592598.80027008 592598.44781494 592598.09204102
 592597.71694183 592597.35413361 592596.98272705 592596.63064575
 592596.24881744 592595.90985107 592595.53512573 592595.20365143
 592594.85513306 592594.47743225 592594.11888885]","[4134151.45031738 4134151.94891357 4134152.46392822 4134152.99353027
 4134153.47390747 4134154.00119019 4134154.51754761 4134155.01083374
 4134155.53155518 4134156.01498413 4134156.5809021  4134157.10772705
 4134157.6741333  4134158.21783447 4134158.73840332 4134159.28131104
 4134159.83917236 4134160.37692261 4134160.93597412 4134161.40753174
 4134161.90426636 4134162.39282227 4134162.91403198 4134163.4151001
 4134163.91015625 4134164.43591309 4134164.92962646 4134165.42581177
 4134165.92684937 4134166.38189697 4134166.84414673 4134167.31069946
 4134167.80258179 4134168.27838135 4134168.76547241 4134169.22717285
 4134169.72793579 4134170.17245483 4134170.66387939 4134171.10476685
 4134171.56878662 4134172.07177734 4134172.5491333 ]",assets/numpy/ego_lane_16.txt,assets/numpy/ego_offset_16.txt,assets/numpy/npc_lane_16.txt,assets/numpy/npc_offset_16.txt
"[592623.42816162 592623.22302246 592622.88182831 592622.63587189
 592622.41033173 592622.29443359 592621.61509705 592621.38066101
 592621.07328796 592620.51551056 592620.22681427 592619.96414948
 592619.60938263 592619.05194092 592618.77136993 592618.73072815
 592618.12268066 592617.49816132 592617.11579895 592616.77042389
 592616.41988373 592615.75292206 592615.34945679 592614.98806
 592614.39128876 592614.39128876 592613.31363678 592612.96069336
 592612.50434875 592612.15032959 592611.69837189 592610.94396973
 592610.53843689 592610.13193512 592609.6736908  592609.36906433
 592608.55454254 592607.73015594 592607.36591339 592606.89125824
 592606.46025848 592606.02333069 592605.19916534 592604.75811768
 592604.31807709 592603.52909088 592603.0667572  592602.528862
 592601.74265289 592601.34864807 592600.67376709 592600.36224365
 592600.05292511 592599.74610138 592599.43811035]","[4134143.25973511 4134143.47109985 4134143.82424927 4134144.07989502
 4134144.31494141 4134144.43606567 4134145.1494751  4134145.39691162
 4134145.72253418 4134146.31619263 4134146.62487793 4134146.90655518
 4134147.28811646 4134147.8901062  4134148.1942749  4134148.23834229
 4134148.90029907 4134149.58331299 4134150.00286865 4134150.38256836
 4134150.76846313 4134151.50430298 4134151.95037842 4134152.35046387
 4134153.01208496 4134153.01208496 4134154.21026611 4134154.60342407
 4134155.11224365 4134155.50704956 4134156.0111084  4134156.85250854
 4134157.3046875  4134157.75775146 4134158.26837158 4134158.60772705
 4134159.51473999 4134160.4317627  4134160.83651733 4134161.36340332
 4134161.84121704 4134162.3248291  4134163.2348938  4134163.72097778
 4134164.20541382 4134165.07260132 4134165.57958984 4134166.16799927
 4134167.02468872 4134167.46844482 4134168.31954956 4134168.66970825
 4134169.02371216 4134169.37457275 4134169.70755005]","[592614.07252502 592613.79259491 592613.57765198 592613.57765198
 592613.57765198 592613.25595856 592612.86366272 592612.47988129
 592612.03783417 592611.6854248  592611.28460693 592610.90863037
 592610.52359772 592610.14335632 592610.14335632 592609.70533752
 592609.23295593 592608.70040131 592608.20791626 592607.69846344
 592607.20065308 592606.69903564 592606.1944046  592605.68647766
 592605.44207001 592605.22207642 592604.96269226 592604.699646
 592604.44496155 592604.17652893 592603.92124939 592603.66742706
 592603.40664673 592603.14050293 592602.8700943  592602.58172607
 592602.27083588 592601.92671204 592601.60475159 592601.2747879
 592600.94512939 592600.62202454 592600.30126953 592599.96482849
 592599.62661743 592599.3032074  592598.92410278 592598.57255554
 592598.16331482 592597.77383423 592597.4108429  592597.05701447
 592596.69289398 592596.32326508 592595.96556091]","[4134146.43920898 4134146.72842407 4134146.95050049 4134146.95050049
 4134146.95050049 4134147.29333496 4134147.71136475 4134148.12026978
 4134148.59130859 4134148.96688843 4134149.39401245 4134149.79464722
 4134150.20495605 4134150.61010742 4134150.61010742 4134151.09350586
 4134151.61480713 4134152.20257568 4134152.74609375 4134153.30834961
 4134153.85772705 4134154.4112854  4134154.96820068 4134155.52874756
 4134155.79846191 4134156.25469971 4134156.79260254 4134157.33810425
 4134157.86627197 4134158.42297363 4134158.95227051 4134159.47869873
 4134160.01953125 4134160.57138062 4134161.13220215 4134161.57785034
 4134162.05361938 4134162.58026123 4134163.07293701 4134163.57791138
 4134164.08242798 4134164.57684326 4134165.06771851 4134165.58258057
 4134166.10015869 4134166.52581787 4134167.0211792  4134167.48052979
 4134168.01531982 4134168.52423096 4134168.99853516 4134169.46084595
 4134169.93661499 4134170.41964722 4134170.88702393]",assets/numpy/ego_lane_17.txt,assets/numpy/ego_offset_17.txt,assets/numpy/npc_lane_17.txt,assets/numpy/npc_offset_17.txt
"[592623.7538147  592623.40297699 592623.19687653 592623.0164032
 592622.83844757 592622.50541687 592622.30342102 592622.14228058
 592621.94741058 592621.50239563 592621.28446198 592621.08864594
 592620.83483887 592620.40532684 592620.17329407 592620.11515045
 592619.69992065 592619.21512604 592618.94580841 592618.36826324
 592618.16236877 592617.85191345 592617.57445526 592617.05226135
 592616.80583954 592616.47460938 592616.16622925 592615.84616852
 592615.21458435 592614.8274231  592614.13319397 592614.13319397
 592613.46879578 592613.05669403 592612.77636719 592612.49143982
 592611.80140686 592610.99443817 592610.57988739 592610.15098572
 592609.71292114 592608.37055206 592608.37055206 592607.46237183
 592607.46237183 592606.14206696 592605.15786743 592604.20927429
 592603.52693939 592603.17349243 592602.52389526 592602.52389526
 592601.95167542]","[4134142.87750244 4134143.2338562  4134143.44433594 4134143.6293335
 4134143.81219482 4134144.15582275 4134144.36523438 4134144.53283691
 4134144.73599243 4134145.2020874  4134145.43127441 4134145.63769531
 4134145.90585327 4134146.36132812 4134146.60839844 4134146.67037964
 4134147.11431885 4134147.63479614 4134147.92492676 4134148.54934692
 4134148.77264404 4134149.11022949 4134149.41238403 4134149.98291016
 4134150.2527771  4134150.61624146 4134150.95526123 4134151.30767822
 4134152.00469971 4134152.43292236 4134153.20233154 4134153.20233154
 4134153.94061279 4134154.39920044 4134154.71139526 4134155.02880859
 4134155.79785156 4134156.69744873 4134157.15975952 4134157.63818359
 4134158.12658691 4134159.62164307 4134159.62164307 4134160.63104248
 4134160.63104248 4134162.09509277 4134163.18310547 4134164.22937012
 4134164.97970581 4134165.40563965 4134166.16296387 4134166.16296387
 4134166.83447266]","[592616.46792603 592616.09174347 592615.73486328 592615.38340759
 592615.02511597 592614.74344635 592614.42984009 592614.1058197
 592613.79801941 592613.4758606  592613.15588379 592612.84173584
 592612.5166626  592612.20504761 592611.87652588 592611.55413818
 592611.15434265 592610.76763153 592610.39804077 592609.9781189
 592609.6110611  592609.21575928 592608.85231018 592608.46509552
 592608.39826202 592608.01913452 592607.57956696 592607.12385559
 592606.60271454 592606.23052979 592605.74885559 592605.30660248
 592604.81335449 592604.4249115  592604.40892792 592604.20326233
 592603.96440125 592603.7301712  592603.48453522 592603.23345947
 592602.99397278 592602.72113037 592602.50524902 592602.26254272
 592602.01545715 592601.73243713 592601.03712463 592600.34619141
 592599.9311676  592599.56404877 592599.23080444 592598.8886261
 592598.52786255]","[4134144.66607666 4134145.05502319 4134145.42398071 4134145.78735352
 4134146.15777588 4134146.45672607 4134146.79034424 4134147.13500977
 4134147.46246338 4134147.80517578 4134148.14559937 4134148.47976685
 4134148.82559204 4134149.15710449 4134149.50656128 4134149.85604858
 4134150.28973389 4134150.70916748 4134151.11004639 4134151.56555176
 4134151.9637146  4134152.39242554 4134152.78668213 4134153.20669556
 4134153.27920532 4134153.70056152 4134154.18902588 4134154.69549561
 4134155.2746582  4134155.68826294 4134156.22357178 4134156.71508789
 4134157.26327515 4134157.69500732 4134157.71270752 4134158.17852783
 4134158.71960449 4134159.25018311 4134159.80657959 4134160.37527466
 4134160.91772461 4134161.53573608 4134162.02474976 4134162.57446289
 4134163.13415527 4134163.53887939 4134164.52154541 4134165.49807739
 4134166.08465576 4134166.60342407 4134167.07440186 4134167.55804443
 4134168.06793213]",assets/numpy/ego_lane_18.txt,assets/numpy/ego_offset_18.txt,assets/numpy/npc_lane_18.txt,assets/numpy/npc_offset_18.txt
"[592622.30995941 592622.17646027 592622.05742645 592621.76593781
 592621.6181488  592621.46235657 592621.30638885 592621.16921997
 592620.88763428 592620.53988647 592620.33621216 592620.16888428
 592619.96975708 592619.75739288 592619.27684021 592619.0414505
 592618.6374054  592618.34464264 592617.84357452 592617.84357452
 592617.33174896 592616.98537445 592616.73544312 592616.41212463
 592615.79837799 592615.48628998 592615.21245575 592615.05577087
 592614.30341339 592613.9764328  592613.64295959 592613.29779816
 592612.57163239 592612.19314575 592611.40058899 592610.98531342
 592610.56343079 592610.50983429 592609.69239044 592608.90892792
 592608.39536285 592607.87380981 592607.40293884 592606.50247955
 592606.01650238 592605.5271759  592604.66801453 592604.1754303
 592603.67398071 592603.15654755 592602.27307129 592601.85110474
 592601.53422546 592600.96071625 592600.65843964 592600.36022186
 592599.84285736]","[4134144.20672607 4134144.3387146  4134144.45669556 4134144.74682617
 4134144.89459229 4134145.05078125 4134145.20758057 4134145.34588623
 4134145.63088989 4134145.98480225 4134146.1930542  4134146.36453247
 4134146.5692749  4134146.78829956 4134147.28631592 4134147.53149414
 4134147.95410156 4134148.26165771 4134148.79049683 4134148.79049683
 4134149.33395386 4134149.70352173 4134149.97106934 4134150.3180542
 4134150.97955322 4134151.31713867 4134151.61410522 4134151.78436279
 4134152.60446167 4134152.96228027 4134153.32800293 4134153.70724487
 4134154.50723267 4134154.9251709  4134155.8024292  4134156.26303101
 4134156.73156738 4134156.7911377  4134157.70043945 4134158.57299805
 4134159.14541626 4134159.72686768 4134160.25177002 4134161.25509644
 4134161.79598999 4134162.340271   4134163.29449463 4134163.84075928
 4134164.39611816 4134164.96829224 4134165.96420288 4134166.51556396
 4134166.90942383 4134167.58074951 4134167.940979   4134168.30993652
 4134168.96194458]","[592615.78715515 592615.53671265 592615.28674316 592615.03098297
 592614.77425385 592614.51409149 592614.26526642 592613.97061157
 592613.65071106 592613.34129333 592613.02301025 592612.70144653
 592612.36860657 592612.05909729 592611.73519897 592611.41539001
 592611.08389282 592610.70487976 592610.26350403 592609.81263733
 592609.36856079 592608.93709564 592608.48706055 592608.03838348
 592607.62658691 592607.17771149 592606.73110962 592606.48861694
 592606.23775482 592605.98976135 592605.74391174 592605.49848938
 592605.24567413 592604.99810791 592604.74699402 592604.4962616
 592604.24473572 592603.94128418 592603.60514832 592603.25588226
 592602.91004944 592602.57775879 592602.24573517 592601.88453674
 592601.54885864 592601.2124176  592600.86340332 592600.54949188
 592600.17337036 592599.81539917 592599.38874817 592599.02143097
 592598.66041565 592598.28144836 592597.91555786 592597.55021667
 592597.18960571]","[4134144.74633789 4134144.97357178 4134145.2003479  4134145.43249512
 4134145.66537476 4134145.90145874 4134146.1272583  4134146.41290283
 4134146.7244873  4134147.02587891 4134147.33590698 4134147.64910889
 4134147.97338867 4134148.27484131 4134148.59039307 4134148.9019165
 4134149.22479248 4134149.61932373 4134150.08001709 4134150.55072021
 4134151.01428223 4134151.46466064 4134151.93447876 4134152.40283203
 4134152.83267212 4134153.30130005 4134153.76751709 4134154.26300049
 4134154.80987549 4134155.35064697 4134155.88665771 4134156.42175293
 4134156.97296143 4134157.51266479 4134158.06018066 4134158.60687256
 4134159.1552124  4134159.60824585 4134160.09442139 4134160.59954834
 4134161.09979248 4134161.58035278 4134162.06057739 4134162.58294678
 4134163.06848145 4134163.55505371 4134164.05984497 4134164.46636963
 4134164.95037842 4134165.41107178 4134165.96014404 4134166.43286133
 4134166.89746094 4134167.38513184 4134167.85595703 4134168.32617188
 4134168.79022217]",assets/numpy/ego_lane_19.txt,assets/numpy/ego_offset_19.txt,assets/numpy/npc_lane_19.txt,assets/numpy/npc_offset_19.txt
"[592618.92910767 592618.67251587 592618.17095947 592618.17095947
 592617.6991806  592617.1852951  592616.867836   592616.58194733
 592615.98046875 592615.71392059 592615.37042999 592615.06346893
 592614.74554443 592614.17986298 592613.80882263 592613.51131439
 592612.80181122 592612.43515015 592612.06047058 592611.67736816
 592610.88611603 592610.4772644  592610.05948639 592609.31123352
 592608.87696838 592608.44009399 592608.00230408 592607.56419373
 592606.69541168 592606.26282501 592605.39306641 592604.95477295
 592604.51289368 592604.40252686 592603.47055054 592603.03637695
 592602.23675537 592601.94229889 592601.63708496 592601.10046387
 592600.75817108 592600.4888382  592599.90692902]","[4134147.63458252 4134147.90264893 4134148.42947388 4134148.42947388
 4134148.92782593 4134149.47387695 4134149.81253052 4134150.11828613
 4134150.76376343 4134151.05078125 4134151.42181396 4134151.75445557
 4134152.10006714 4134152.71746826 4134153.12365723 4134153.44995117
 4134154.22979736 4134154.63378906 4134155.04724121 4134155.47079468
 4134156.34783936 4134156.80224609 4134157.26708984 4134158.1003418
 4134158.58435059 4134159.07147217 4134159.55963135 4134160.04815674
 4134161.01702881 4134161.49935913 4134162.46865845 4134162.95663452
 4134163.44818115 4134163.5708313  4134164.60540771 4134165.08651733
 4134165.97122192 4134166.347229   4134166.70858765 4134167.32687378
 4134167.72927856 4134168.03491211 4134168.6776123 ]","[592611.51408386 592611.17743683 592610.85398865 592610.46398163
 592610.00508118 592609.55737305 592609.11183167 592608.67910004
 592608.23009491 592607.77963257 592607.33724976 592606.89129639
 592606.41913605 592606.20063782 592605.936203   592605.68899536
 592605.43227386 592605.1698761  592604.92689514 592604.66564941
 592604.42118835 592604.15319824 592603.90281677 592603.60401917
 592603.27310181 592602.93378448 592602.59661102 592602.240448
 592601.91730499 592601.57434082 592601.23065186 592600.9061203
 592600.5657196  592600.21798706 592599.88017273 592599.51489258
 592599.13739014 592598.75884247 592598.39237976 592597.98208618
 592597.62689972 592597.26337433 592596.89675903]","[4134148.83581543 4134149.16558838 4134149.48248291 4134149.8890686
 4134150.36993408 4134150.83914185 4134151.30603027 4134151.75946045
 4134152.22998047 4134152.70202637 4134153.16558838 4134153.63290405
 4134154.12771606 4134154.58044434 4134155.14526367 4134155.67327881
 4134156.22158813 4134156.78210449 4134157.30108643 4134157.85910034
 4134158.38128662 4134158.9536438  4134159.48846436 4134159.93560791
 4134160.41955566 4134160.91577148 4134161.40881348 4134161.9296875
 4134162.40231323 4134162.90383911 4134163.40640259 4134163.88104248
 4134164.37884521 4134164.84289551 4134165.28948975 4134165.77236938
 4134166.27139282 4134166.77185059 4134167.25634766 4134167.79876709
 4134168.26834106 4134168.74890137 4134169.23358154]",assets/numpy/ego_lane_20.txt,assets/numpy/ego_offset_20.txt,assets/numpy/npc_lane_20.txt,assets/numpy/npc_offset_20.txt
